n_digit,sample_prop,trial,estimate
2,0.5,1,405
2,0.5,2,606
2,0.5,3,560
2,0.5,4,560
2,0.5,5,606
2,0.5,6,606
2,0.5,7,425
2,0.5,8,606
2,0.5,9,606
2,0.5,10,560
2,0.5,11,570
2,0.5,12,570
2,0.5,13,606
2,0.5,14,606
2,0.5,15,560
2,0.5,16,606
2,0.5,17,560
2,0.5,18,560
2,0.5,19,560
2,0.5,20,606
2,0.5,21,570
2,0.5,22,570
2,0.5,23,570
2,0.5,24,606
2,0.5,25,606
2,0.5,26,560
2,0.5,27,313
2,0.5,28,570
2,0.5,29,570
2,0.5,30,570
2,0.5,31,606
2,0.5,32,570
2,0.5,33,560
2,0.5,34,606
2,0.5,35,606
2,0.5,36,560
2,0.5,37,570
2,0.5,38,606
2,0.5,39,606
2,0.5,40,606
2,0.5,41,606
2,0.5,42,606
2,0.5,43,570
2,0.5,44,570
2,0.5,45,560
2,0.5,46,606
2,0.5,47,570
2,0.5,48,570
2,0.5,49,560
2,0.5,50,606
2,0.5,51,570
2,0.5,52,570
2,0.5,53,405
2,0.5,54,606
2,0.5,55,606
2,0.5,56,606
2,0.5,57,560
2,0.5,58,606
2,0.5,59,570
2,0.5,60,606
2,0.5,61,606
2,0.5,62,560
2,0.5,63,570
2,0.5,64,606
2,0.5,65,425
2,0.5,66,560
2,0.5,67,606
2,0.5,68,606
2,0.5,69,606
2,0.5,70,606
2,0.5,71,606
2,0.5,72,560
2,0.5,73,425
2,0.5,74,606
2,0.5,75,570
2,0.5,76,570
2,0.5,77,606
2,0.5,78,606
2,0.5,79,570
2,0.5,80,606
2,0.5,81,560
2,0.5,82,570
2,0.5,83,570
2,0.5,84,606
2,0.5,85,606
2,0.5,86,606
2,0.5,87,560
2,0.5,88,606
2,0.5,89,606
2,0.5,90,560
2,0.5,91,570
2,0.5,92,570
2,0.5,93,606
2,0.5,94,570
2,0.5,95,425
2,0.5,96,606
2,0.5,97,560
2,0.5,98,606
2,0.5,99,606
2,0.5,100,560
2,0.3333333333333333,1,405
2,0.3333333333333333,2,570
2,0.3333333333333333,3,560
2,0.3333333333333333,4,560
2,0.3333333333333333,5,560
2,0.3333333333333333,6,570
2,0.3333333333333333,7,570
2,0.3333333333333333,8,570
2,0.3333333333333333,9,606
2,0.3333333333333333,10,313
2,0.3333333333333333,11,293
2,0.3333333333333333,12,306
2,0.3333333333333333,13,313
2,0.3333333333333333,14,425
2,0.3333333333333333,15,606
2,0.3333333333333333,16,405
2,0.3333333333333333,17,308
2,0.3333333333333333,18,425
2,0.3333333333333333,19,570
2,0.3333333333333333,20,570
2,0.3333333333333333,21,560
2,0.3333333333333333,22,570
2,0.3333333333333333,23,425
2,0.3333333333333333,24,560
2,0.3333333333333333,25,560
2,0.3333333333333333,26,606
2,0.3333333333333333,27,570
2,0.3333333333333333,28,606
2,0.3333333333333333,29,560
2,0.3333333333333333,30,570
2,0.3333333333333333,31,606
2,0.3333333333333333,32,606
2,0.3333333333333333,33,570
2,0.3333333333333333,34,606
2,0.3333333333333333,35,570
2,0.3333333333333333,36,425
2,0.3333333333333333,37,313
2,0.3333333333333333,38,606
2,0.3333333333333333,39,425
2,0.3333333333333333,40,560
2,0.3333333333333333,41,570
2,0.3333333333333333,42,313
2,0.3333333333333333,43,606
2,0.3333333333333333,44,570
2,0.3333333333333333,45,405
2,0.3333333333333333,46,570
2,0.3333333333333333,47,606
2,0.3333333333333333,48,570
2,0.3333333333333333,49,606
2,0.3333333333333333,50,425
2,0.3333333333333333,51,405
2,0.3333333333333333,52,293
2,0.3333333333333333,53,560
2,0.3333333333333333,54,271
2,0.3333333333333333,55,570
2,0.3333333333333333,56,606
2,0.3333333333333333,57,560
2,0.3333333333333333,58,405
2,0.3333333333333333,59,308
2,0.3333333333333333,60,570
2,0.3333333333333333,61,606
2,0.3333333333333333,62,570
2,0.3333333333333333,63,560
2,0.3333333333333333,64,560
2,0.3333333333333333,65,606
2,0.3333333333333333,66,560
2,0.3333333333333333,67,560
2,0.3333333333333333,68,570
2,0.3333333333333333,69,425
2,0.3333333333333333,70,570
2,0.3333333333333333,71,606
2,0.3333333333333333,72,606
2,0.3333333333333333,73,560
2,0.3333333333333333,74,560
2,0.3333333333333333,75,570
2,0.3333333333333333,76,425
2,0.3333333333333333,77,606
2,0.3333333333333333,78,606
2,0.3333333333333333,79,570
2,0.3333333333333333,80,425
2,0.3333333333333333,81,570
2,0.3333333333333333,82,405
2,0.3333333333333333,83,570
2,0.3333333333333333,84,570
2,0.3333333333333333,85,570
2,0.3333333333333333,86,606
2,0.3333333333333333,87,560
2,0.3333333333333333,88,313
2,0.3333333333333333,89,306
2,0.3333333333333333,90,570
2,0.3333333333333333,91,570
2,0.3333333333333333,92,570
2,0.3333333333333333,93,606
2,0.3333333333333333,94,570
2,0.3333333333333333,95,570
2,0.3333333333333333,96,570
2,0.3333333333333333,97,606
2,0.3333333333333333,98,570
2,0.3333333333333333,99,286
2,0.3333333333333333,100,570
2,0.25,1,425
2,0.25,2,606
2,0.25,3,425
2,0.25,4,271
2,0.25,5,425
2,0.25,6,606
2,0.25,7,570
2,0.25,8,560
2,0.25,9,606
2,0.25,10,570
2,0.25,11,560
2,0.25,12,606
2,0.25,13,570
2,0.25,14,570
2,0.25,15,606
2,0.25,16,606
2,0.25,17,606
2,0.25,18,560
2,0.25,19,560
2,0.25,20,606
2,0.25,21,308
2,0.25,22,313
2,0.25,23,606
2,0.25,24,560
2,0.25,25,211
2,0.25,26,425
2,0.25,27,570
2,0.25,28,308
2,0.25,29,293
2,0.25,30,606
2,0.25,31,293
2,0.25,32,570
2,0.25,33,425
2,0.25,34,606
2,0.25,35,425
2,0.25,36,606
2,0.25,37,405
2,0.25,38,570
2,0.25,39,570
2,0.25,40,570
2,0.25,41,293
2,0.25,42,606
2,0.25,43,570
2,0.25,44,425
2,0.25,45,300
2,0.25,46,570
2,0.25,47,405
2,0.25,48,405
2,0.25,49,606
2,0.25,50,606
2,0.25,51,405
2,0.25,52,570
2,0.25,53,425
2,0.25,54,606
2,0.25,55,300
2,0.25,56,606
2,0.25,57,560
2,0.25,58,250
2,0.25,59,425
2,0.25,60,560
2,0.25,61,286
2,0.25,62,606
2,0.25,63,300
2,0.25,64,300
2,0.25,65,560
2,0.25,66,405
2,0.25,67,570
2,0.25,68,570
2,0.25,69,570
2,0.25,70,570
2,0.25,71,606
2,0.25,72,306
2,0.25,73,313
2,0.25,74,570
2,0.25,75,606
2,0.25,76,313
2,0.25,77,306
2,0.25,78,560
2,0.25,79,286
2,0.25,80,271
2,0.25,81,570
2,0.25,82,606
2,0.25,83,606
2,0.25,84,300
2,0.25,85,405
2,0.25,86,570
2,0.25,87,308
2,0.25,88,560
2,0.25,89,425
2,0.25,90,606
2,0.25,91,300
2,0.25,92,606
2,0.25,93,606
2,0.25,94,425
2,0.25,95,306
2,0.25,96,606
2,0.25,97,570
2,0.25,98,606
2,0.25,99,300
2,0.25,100,560
2,0.2,1,606
2,0.2,2,606
2,0.2,3,271
2,0.2,4,560
2,0.2,5,405
2,0.2,6,560
2,0.2,7,560
2,0.2,8,286
2,0.2,9,606
2,0.2,10,570
2,0.2,11,606
2,0.2,12,313
2,0.2,13,606
2,0.2,14,425
2,0.2,15,606
2,0.2,16,606
2,0.2,17,271
2,0.2,18,560
2,0.2,19,560
2,0.2,20,308
2,0.2,21,606
2,0.2,22,313
2,0.2,23,606
2,0.2,24,306
2,0.2,25,606
2,0.2,26,570
2,0.2,27,570
2,0.2,28,606
2,0.2,29,570
2,0.2,30,560
2,0.2,31,560
2,0.2,32,570
2,0.2,33,606
2,0.2,34,293
2,0.2,35,293
2,0.2,36,405
2,0.2,37,248
2,0.2,38,308
2,0.2,39,425
2,0.2,40,606
2,0.2,41,570
2,0.2,42,570
2,0.2,43,300
2,0.2,44,606
2,0.2,45,560
2,0.2,46,313
2,0.2,47,560
2,0.2,48,308
2,0.2,49,570
2,0.2,50,308
2,0.2,51,606
2,0.2,52,425
2,0.2,53,313
2,0.2,54,560
2,0.2,55,606
2,0.2,56,286
2,0.2,57,306
2,0.2,58,606
2,0.2,59,425
2,0.2,60,606
2,0.2,61,306
2,0.2,62,425
2,0.2,63,606
2,0.2,64,570
2,0.2,65,286
2,0.2,66,405
2,0.2,67,405
2,0.2,68,560
2,0.2,69,286
2,0.2,70,286
2,0.2,71,308
2,0.2,72,306
2,0.2,73,606
2,0.2,74,425
2,0.2,75,606
2,0.2,76,425
2,0.2,77,425
2,0.2,78,405
2,0.2,79,560
2,0.2,80,300
2,0.2,81,313
2,0.2,82,308
2,0.2,83,570
2,0.2,84,300
2,0.2,85,300
2,0.2,86,606
2,0.2,87,250
2,0.2,88,293
2,0.2,89,293
2,0.2,90,560
2,0.2,91,606
2,0.2,92,570
2,0.2,93,293
2,0.2,94,405
2,0.2,95,306
2,0.2,96,560
2,0.2,97,425
2,0.2,98,606
2,0.2,99,606
2,0.2,100,313
2,0.16666666666666666,1,220
2,0.16666666666666666,2,293
2,0.16666666666666666,3,248
2,0.16666666666666666,4,308
2,0.16666666666666666,5,570
2,0.16666666666666666,6,300
2,0.16666666666666666,7,606
2,0.16666666666666666,8,560
2,0.16666666666666666,9,313
2,0.16666666666666666,10,570
2,0.16666666666666666,11,606
2,0.16666666666666666,12,606
2,0.16666666666666666,13,570
2,0.16666666666666666,14,308
2,0.16666666666666666,15,181
2,0.16666666666666666,16,570
2,0.16666666666666666,17,606
2,0.16666666666666666,18,606
2,0.16666666666666666,19,606
2,0.16666666666666666,20,570
2,0.16666666666666666,21,313
2,0.16666666666666666,22,192
2,0.16666666666666666,23,313
2,0.16666666666666666,24,560
2,0.16666666666666666,25,300
2,0.16666666666666666,26,313
2,0.16666666666666666,27,308
2,0.16666666666666666,28,286
2,0.16666666666666666,29,425
2,0.16666666666666666,30,293
2,0.16666666666666666,31,606
2,0.16666666666666666,32,560
2,0.16666666666666666,33,405
2,0.16666666666666666,34,308
2,0.16666666666666666,35,220
2,0.16666666666666666,36,293
2,0.16666666666666666,37,560
2,0.16666666666666666,38,405
2,0.16666666666666666,39,560
2,0.16666666666666666,40,286
2,0.16666666666666666,41,248
2,0.16666666666666666,42,425
2,0.16666666666666666,43,405
2,0.16666666666666666,44,308
2,0.16666666666666666,45,606
2,0.16666666666666666,46,300
2,0.16666666666666666,47,606
2,0.16666666666666666,48,425
2,0.16666666666666666,49,308
2,0.16666666666666666,50,308
2,0.16666666666666666,51,286
2,0.16666666666666666,52,248
2,0.16666666666666666,53,606
2,0.16666666666666666,54,286
2,0.16666666666666666,55,220
2,0.16666666666666666,56,560
2,0.16666666666666666,57,560
2,0.16666666666666666,58,293
2,0.16666666666666666,59,405
2,0.16666666666666666,60,570
2,0.16666666666666666,61,300
2,0.16666666666666666,62,405
2,0.16666666666666666,63,606
2,0.16666666666666666,64,308
2,0.16666666666666666,65,606
2,0.16666666666666666,66,313
2,0.16666666666666666,67,308
2,0.16666666666666666,68,560
2,0.16666666666666666,69,306
2,0.16666666666666666,70,405
2,0.16666666666666666,71,560
2,0.16666666666666666,72,570
2,0.16666666666666666,73,250
2,0.16666666666666666,74,560
2,0.16666666666666666,75,286
2,0.16666666666666666,76,560
2,0.16666666666666666,77,271
2,0.16666666666666666,78,300
2,0.16666666666666666,79,606
2,0.16666666666666666,80,560
2,0.16666666666666666,81,187
2,0.16666666666666666,82,606
2,0.16666666666666666,83,570
2,0.16666666666666666,84,308
2,0.16666666666666666,85,560
2,0.16666666666666666,86,306
2,0.16666666666666666,87,425
2,0.16666666666666666,88,293
2,0.16666666666666666,89,570
2,0.16666666666666666,90,308
2,0.16666666666666666,91,560
2,0.16666666666666666,92,570
2,0.16666666666666666,93,313
2,0.16666666666666666,94,606
2,0.16666666666666666,95,606
2,0.16666666666666666,96,606
2,0.16666666666666666,97,606
2,0.16666666666666666,98,425
2,0.16666666666666666,99,300
2,0.16666666666666666,100,250
2,0.14285714285714285,1,293
2,0.14285714285714285,2,606
2,0.14285714285714285,3,570
2,0.14285714285714285,4,425
2,0.14285714285714285,5,271
2,0.14285714285714285,6,300
2,0.14285714285714285,7,271
2,0.14285714285714285,8,308
2,0.14285714285714285,9,293
2,0.14285714285714285,10,425
2,0.14285714285714285,11,313
2,0.14285714285714285,12,560
2,0.14285714285714285,13,570
2,0.14285714285714285,14,308
2,0.14285714285714285,15,313
2,0.14285714285714285,16,560
2,0.14285714285714285,17,606
2,0.14285714285714285,18,293
2,0.14285714285714285,19,211
2,0.14285714285714285,20,313
2,0.14285714285714285,21,405
2,0.14285714285714285,22,118
2,0.14285714285714285,23,308
2,0.14285714285714285,24,308
2,0.14285714285714285,25,308
2,0.14285714285714285,26,286
2,0.14285714285714285,27,425
2,0.14285714285714285,28,250
2,0.14285714285714285,29,313
2,0.14285714285714285,30,306
2,0.14285714285714285,31,168
2,0.14285714285714285,32,570
2,0.14285714285714285,33,560
2,0.14285714285714285,34,173
2,0.14285714285714285,35,570
2,0.14285714285714285,36,570
2,0.14285714285714285,37,560
2,0.14285714285714285,38,570
2,0.14285714285714285,39,425
2,0.14285714285714285,40,560
2,0.14285714285714285,41,405
2,0.14285714285714285,42,405
2,0.14285714285714285,43,300
2,0.14285714285714285,44,220
2,0.14285714285714285,45,606
2,0.14285714285714285,46,286
2,0.14285714285714285,47,560
2,0.14285714285714285,48,425
2,0.14285714285714285,49,286
2,0.14285714285714285,50,560
2,0.14285714285714285,51,313
2,0.14285714285714285,52,300
2,0.14285714285714285,53,606
2,0.14285714285714285,54,425
2,0.14285714285714285,55,149
2,0.14285714285714285,56,606
2,0.14285714285714285,57,405
2,0.14285714285714285,58,570
2,0.14285714285714285,59,293
2,0.14285714285714285,60,606
2,0.14285714285714285,61,313
2,0.14285714285714285,62,99
2,0.14285714285714285,63,570
2,0.14285714285714285,64,570
2,0.14285714285714285,65,570
2,0.14285714285714285,66,560
2,0.14285714285714285,67,293
2,0.14285714285714285,68,606
2,0.14285714285714285,69,293
2,0.14285714285714285,70,250
2,0.14285714285714285,71,271
2,0.14285714285714285,72,308
2,0.14285714285714285,73,560
2,0.14285714285714285,74,606
2,0.14285714285714285,75,111
2,0.14285714285714285,76,425
2,0.14285714285714285,77,570
2,0.14285714285714285,78,306
2,0.14285714285714285,79,187
2,0.14285714285714285,80,313
2,0.14285714285714285,81,192
2,0.14285714285714285,82,220
2,0.14285714285714285,83,250
2,0.14285714285714285,84,425
2,0.14285714285714285,85,570
2,0.14285714285714285,86,425
2,0.14285714285714285,87,405
2,0.14285714285714285,88,248
2,0.14285714285714285,89,606
2,0.14285714285714285,90,606
2,0.14285714285714285,91,606
2,0.14285714285714285,92,306
2,0.14285714285714285,93,271
2,0.14285714285714285,94,293
2,0.14285714285714285,95,570
2,0.14285714285714285,96,313
2,0.14285714285714285,97,560
2,0.14285714285714285,98,405
2,0.14285714285714285,99,570
2,0.14285714285714285,100,405
2,0.125,1,560
2,0.125,2,250
2,0.125,3,425
2,0.125,4,306
2,0.125,5,570
2,0.125,6,560
2,0.125,7,560
2,0.125,8,570
2,0.125,9,570
2,0.125,10,250
2,0.125,11,425
2,0.125,12,425
2,0.125,13,606
2,0.125,14,570
2,0.125,15,606
2,0.125,16,425
2,0.125,17,405
2,0.125,18,425
2,0.125,19,250
2,0.125,20,405
2,0.125,21,308
2,0.125,22,425
2,0.125,23,425
2,0.125,24,313
2,0.125,25,192
2,0.125,26,606
2,0.125,27,306
2,0.125,28,425
2,0.125,29,606
2,0.125,30,570
2,0.125,31,425
2,0.125,32,308
2,0.125,33,425
2,0.125,34,293
2,0.125,35,300
2,0.125,36,308
2,0.125,37,570
2,0.125,38,220
2,0.125,39,308
2,0.125,40,606
2,0.125,41,425
2,0.125,42,211
2,0.125,43,570
2,0.125,44,313
2,0.125,45,560
2,0.125,46,308
2,0.125,47,570
2,0.125,48,313
2,0.125,49,308
2,0.125,50,405
2,0.125,51,606
2,0.125,52,120
2,0.125,53,606
2,0.125,54,136
2,0.125,55,425
2,0.125,56,313
2,0.125,57,606
2,0.125,58,560
2,0.125,59,425
2,0.125,60,286
2,0.125,61,405
2,0.125,62,560
2,0.125,63,560
2,0.125,64,286
2,0.125,65,286
2,0.125,66,313
2,0.125,67,405
2,0.125,68,300
2,0.125,69,425
2,0.125,70,192
2,0.125,71,286
2,0.125,72,606
2,0.125,73,248
2,0.125,74,425
2,0.125,75,300
2,0.125,76,308
2,0.125,77,425
2,0.125,78,313
2,0.125,79,308
2,0.125,80,570
2,0.125,81,187
2,0.125,82,187
2,0.125,83,308
2,0.125,84,313
2,0.125,85,606
2,0.125,86,570
2,0.125,87,560
2,0.125,88,308
2,0.125,89,248
2,0.125,90,560
2,0.125,91,250
2,0.125,92,308
2,0.125,93,306
2,0.125,94,606
2,0.125,95,606
2,0.125,96,560
2,0.125,97,560
2,0.125,98,306
2,0.125,99,560
2,0.125,100,286
2,0.1111111111111111,1,293
2,0.1111111111111111,2,192
2,0.1111111111111111,3,313
2,0.1111111111111111,4,192
2,0.1111111111111111,5,425
2,0.1111111111111111,6,271
2,0.1111111111111111,7,405
2,0.1111111111111111,8,286
2,0.1111111111111111,9,425
2,0.1111111111111111,10,606
2,0.1111111111111111,11,570
2,0.1111111111111111,12,293
2,0.1111111111111111,13,192
2,0.1111111111111111,14,560
2,0.1111111111111111,15,425
2,0.1111111111111111,16,606
2,0.1111111111111111,17,306
2,0.1111111111111111,18,248
2,0.1111111111111111,19,560
2,0.1111111111111111,20,300
2,0.1111111111111111,21,570
2,0.1111111111111111,22,405
2,0.1111111111111111,23,250
2,0.1111111111111111,24,140
2,0.1111111111111111,25,570
2,0.1111111111111111,26,405
2,0.1111111111111111,27,570
2,0.1111111111111111,28,570
2,0.1111111111111111,29,220
2,0.1111111111111111,30,560
2,0.1111111111111111,31,306
2,0.1111111111111111,32,271
2,0.1111111111111111,33,271
2,0.1111111111111111,34,286
2,0.1111111111111111,35,570
2,0.1111111111111111,36,405
2,0.1111111111111111,37,405
2,0.1111111111111111,38,606
2,0.1111111111111111,39,606
2,0.1111111111111111,40,248
2,0.1111111111111111,41,570
2,0.1111111111111111,42,308
2,0.1111111111111111,43,570
2,0.1111111111111111,44,560
2,0.1111111111111111,45,425
2,0.1111111111111111,46,606
2,0.1111111111111111,47,560
2,0.1111111111111111,48,181
2,0.1111111111111111,49,606
2,0.1111111111111111,50,271
2,0.1111111111111111,51,300
2,0.1111111111111111,52,286
2,0.1111111111111111,53,286
2,0.1111111111111111,54,606
2,0.1111111111111111,55,306
2,0.1111111111111111,56,308
2,0.1111111111111111,57,570
2,0.1111111111111111,58,570
2,0.1111111111111111,59,271
2,0.1111111111111111,60,293
2,0.1111111111111111,61,300
2,0.1111111111111111,62,606
2,0.1111111111111111,63,181
2,0.1111111111111111,64,606
2,0.1111111111111111,65,300
2,0.1111111111111111,66,560
2,0.1111111111111111,67,293
2,0.1111111111111111,68,181
2,0.1111111111111111,69,313
2,0.1111111111111111,70,560
2,0.1111111111111111,71,570
2,0.1111111111111111,72,405
2,0.1111111111111111,73,300
2,0.1111111111111111,74,286
2,0.1111111111111111,75,286
2,0.1111111111111111,76,187
2,0.1111111111111111,77,570
2,0.1111111111111111,78,68
2,0.1111111111111111,79,405
2,0.1111111111111111,80,136
2,0.1111111111111111,81,425
2,0.1111111111111111,82,560
2,0.1111111111111111,83,293
2,0.1111111111111111,84,560
2,0.1111111111111111,85,306
2,0.1111111111111111,86,606
2,0.1111111111111111,87,99
2,0.1111111111111111,88,425
2,0.1111111111111111,89,405
2,0.1111111111111111,90,570
2,0.1111111111111111,91,560
2,0.1111111111111111,92,306
2,0.1111111111111111,93,405
2,0.1111111111111111,94,570
2,0.1111111111111111,95,286
2,0.1111111111111111,96,570
2,0.1111111111111111,97,570
2,0.1111111111111111,98,120
2,0.1111111111111111,99,293
2,0.1111111111111111,100,308
2,0.1,1,405
2,0.1,2,313
2,0.1,3,271
2,0.1,4,271
2,0.1,5,313
2,0.1,6,271
2,0.1,7,308
2,0.1,8,570
2,0.1,9,248
2,0.1,10,308
2,0.1,11,308
2,0.1,12,173
2,0.1,13,560
2,0.1,14,560
2,0.1,15,271
2,0.1,16,606
2,0.1,17,149
2,0.1,18,308
2,0.1,19,606
2,0.1,20,286
2,0.1,21,187
2,0.1,22,300
2,0.1,23,425
2,0.1,24,313
2,0.1,25,405
2,0.1,26,293
2,0.1,27,220
2,0.1,28,313
2,0.1,29,271
2,0.1,30,308
2,0.1,31,220
2,0.1,32,192
2,0.1,33,560
2,0.1,34,300
2,0.1,35,570
2,0.1,36,173
2,0.1,37,286
2,0.1,38,425
2,0.1,39,248
2,0.1,40,293
2,0.1,41,405
2,0.1,42,560
2,0.1,43,187
2,0.1,44,308
2,0.1,45,271
2,0.1,46,300
2,0.1,47,570
2,0.1,48,300
2,0.1,49,313
2,0.1,50,300
2,0.1,51,313
2,0.1,52,293
2,0.1,53,570
2,0.1,54,293
2,0.1,55,286
2,0.1,56,308
2,0.1,57,606
2,0.1,58,313
2,0.1,59,308
2,0.1,60,308
2,0.1,61,94
2,0.1,62,300
2,0.1,63,286
2,0.1,64,306
2,0.1,65,313
2,0.1,66,560
2,0.1,67,313
2,0.1,68,405
2,0.1,69,90
2,0.1,70,606
2,0.1,71,570
2,0.1,72,248
2,0.1,73,570
2,0.1,74,560
2,0.1,75,192
2,0.1,76,300
2,0.1,77,61
2,0.1,78,560
2,0.1,79,286
2,0.1,80,405
2,0.1,81,425
2,0.1,82,220
2,0.1,83,425
2,0.1,84,405
2,0.1,85,606
2,0.1,86,308
2,0.1,87,560
2,0.1,88,560
2,0.1,89,560
2,0.1,90,313
2,0.1,91,606
2,0.1,92,570
2,0.1,93,293
2,0.1,94,300
2,0.1,95,560
2,0.1,96,220
2,0.1,97,149
2,0.1,98,248
2,0.1,99,306
2,0.1,100,308
3,0.5,1,5230
3,0.5,2,8554
3,0.5,3,5230
3,0.5,4,8554
3,0.5,5,4888
3,0.5,6,8554
3,0.5,7,8554
3,0.5,8,8554
3,0.5,9,8554
3,0.5,10,8554
3,0.5,11,8554
3,0.5,12,6239
3,0.5,13,8554
3,0.5,14,4888
3,0.5,15,8554
3,0.5,16,4752
3,0.5,17,8554
3,0.5,18,4888
3,0.5,19,8554
3,0.5,20,8554
3,0.5,21,6239
3,0.5,22,4461
3,0.5,23,8554
3,0.5,24,8554
3,0.5,25,8554
3,0.5,26,8554
3,0.5,27,8554
3,0.5,28,4752
3,0.5,29,4888
3,0.5,30,6239
3,0.5,31,5230
3,0.5,32,5230
3,0.5,33,8554
3,0.5,34,8554
3,0.5,35,4442
3,0.5,36,8554
3,0.5,37,4888
3,0.5,38,6239
3,0.5,39,4752
3,0.5,40,5230
3,0.5,41,8554
3,0.5,42,8554
3,0.5,43,8554
3,0.5,44,8554
3,0.5,45,5230
3,0.5,46,4752
3,0.5,47,8554
3,0.5,48,4752
3,0.5,49,8554
3,0.5,50,8554
3,0.5,51,8554
3,0.5,52,8554
3,0.5,53,6239
3,0.5,54,4888
3,0.5,55,8554
3,0.5,56,6239
3,0.5,57,8554
3,0.5,58,6239
3,0.5,59,8554
3,0.5,60,5230
3,0.5,61,8554
3,0.5,62,8554
3,0.5,63,8554
3,0.5,64,6239
3,0.5,65,8554
3,0.5,66,6239
3,0.5,67,6239
3,0.5,68,6239
3,0.5,69,8554
3,0.5,70,6239
3,0.5,71,6239
3,0.5,72,6239
3,0.5,73,4888
3,0.5,74,8554
3,0.5,75,8554
3,0.5,76,8554
3,0.5,77,8554
3,0.5,78,8554
3,0.5,79,6239
3,0.5,80,4752
3,0.5,81,8554
3,0.5,82,8554
3,0.5,83,8554
3,0.5,84,8554
3,0.5,85,4442
3,0.5,86,8554
3,0.5,87,6239
3,0.5,88,8554
3,0.5,89,6239
3,0.5,90,6239
3,0.5,91,5230
3,0.5,92,8554
3,0.5,93,8554
3,0.5,94,8554
3,0.5,95,8554
3,0.5,96,6239
3,0.5,97,5230
3,0.5,98,8554
3,0.5,99,8554
3,0.5,100,4888
3,0.3333333333333333,1,4339
3,0.3333333333333333,2,8554
3,0.3333333333333333,3,6239
3,0.3333333333333333,4,6239
3,0.3333333333333333,5,3851
3,0.3333333333333333,6,4752
3,0.3333333333333333,7,4888
3,0.3333333333333333,8,4442
3,0.3333333333333333,9,6239
3,0.3333333333333333,10,8554
3,0.3333333333333333,11,5230
3,0.3333333333333333,12,4888
3,0.3333333333333333,13,5230
3,0.3333333333333333,14,8554
3,0.3333333333333333,15,8554
3,0.3333333333333333,16,8554
3,0.3333333333333333,17,5230
3,0.3333333333333333,18,8554
3,0.3333333333333333,19,4888
3,0.3333333333333333,20,6239
3,0.3333333333333333,21,6239
3,0.3333333333333333,22,5230
3,0.3333333333333333,23,4888
3,0.3333333333333333,24,4333
3,0.3333333333333333,25,6239
3,0.3333333333333333,26,4461
3,0.3333333333333333,27,5230
3,0.3333333333333333,28,4442
3,0.3333333333333333,29,5230
3,0.3333333333333333,30,4752
3,0.3333333333333333,31,5230
3,0.3333333333333333,32,8554
3,0.3333333333333333,33,6239
3,0.3333333333333333,34,5230
3,0.3333333333333333,35,6239
3,0.3333333333333333,36,5230
3,0.3333333333333333,37,8554
3,0.3333333333333333,38,6239
3,0.3333333333333333,39,6239
3,0.3333333333333333,40,8554
3,0.3333333333333333,41,4333
3,0.3333333333333333,42,5230
3,0.3333333333333333,43,4461
3,0.3333333333333333,44,8554
3,0.3333333333333333,45,4888
3,0.3333333333333333,46,8554
3,0.3333333333333333,47,6239
3,0.3333333333333333,48,6239
3,0.3333333333333333,49,8554
3,0.3333333333333333,50,5230
3,0.3333333333333333,51,8554
3,0.3333333333333333,52,5230
3,0.3333333333333333,53,6239
3,0.3333333333333333,54,6239
3,0.3333333333333333,55,8554
3,0.3333333333333333,56,5230
3,0.3333333333333333,57,8554
3,0.3333333333333333,58,8554
3,0.3333333333333333,59,4752
3,0.3333333333333333,60,8554
3,0.3333333333333333,61,6239
3,0.3333333333333333,62,4442
3,0.3333333333333333,63,4752
3,0.3333333333333333,64,4752
3,0.3333333333333333,65,6239
3,0.3333333333333333,66,6239
3,0.3333333333333333,67,5230
3,0.3333333333333333,68,6239
3,0.3333333333333333,69,5230
3,0.3333333333333333,70,4888
3,0.3333333333333333,71,8554
3,0.3333333333333333,72,6239
3,0.3333333333333333,73,6239
3,0.3333333333333333,74,4442
3,0.3333333333333333,75,8554
3,0.3333333333333333,76,8554
3,0.3333333333333333,77,8554
3,0.3333333333333333,78,6239
3,0.3333333333333333,79,4888
3,0.3333333333333333,80,6239
3,0.3333333333333333,81,5230
3,0.3333333333333333,82,4442
3,0.3333333333333333,83,5230
3,0.3333333333333333,84,6239
3,0.3333333333333333,85,8554
3,0.3333333333333333,86,4067
3,0.3333333333333333,87,4888
3,0.3333333333333333,88,8554
3,0.3333333333333333,89,8554
3,0.3333333333333333,90,5230
3,0.3333333333333333,91,6239
3,0.3333333333333333,92,8554
3,0.3333333333333333,93,8554
3,0.3333333333333333,94,8554
3,0.3333333333333333,95,8554
3,0.3333333333333333,96,6239
3,0.3333333333333333,97,6239
3,0.3333333333333333,98,4888
3,0.3333333333333333,99,3831
3,0.3333333333333333,100,6239
3,0.25,1,6239
3,0.25,2,5230
3,0.25,3,8554
3,0.25,4,6239
3,0.25,5,6239
3,0.25,6,4461
3,0.25,7,4442
3,0.25,8,6239
3,0.25,9,6239
3,0.25,10,4888
3,0.25,11,4442
3,0.25,12,6239
3,0.25,13,8554
3,0.25,14,8554
3,0.25,15,4888
3,0.25,16,6239
3,0.25,17,8554
3,0.25,18,4461
3,0.25,19,8554
3,0.25,20,4143
3,0.25,21,6239
3,0.25,22,5230
3,0.25,23,6239
3,0.25,24,4442
3,0.25,25,8554
3,0.25,26,4461
3,0.25,27,5230
3,0.25,28,6239
3,0.25,29,6239
3,0.25,30,4752
3,0.25,31,6239
3,0.25,32,4752
3,0.25,33,8554
3,0.25,34,8554
3,0.25,35,4067
3,0.25,36,5230
3,0.25,37,5230
3,0.25,38,4339
3,0.25,39,4442
3,0.25,40,8554
3,0.25,41,6239
3,0.25,42,5230
3,0.25,43,3767
3,0.25,44,4461
3,0.25,45,5230
3,0.25,46,4752
3,0.25,47,3797
3,0.25,48,8554
3,0.25,49,8554
3,0.25,50,8554
3,0.25,51,8554
3,0.25,52,5230
3,0.25,53,8554
3,0.25,54,6239
3,0.25,55,6239
3,0.25,56,5230
3,0.25,57,3851
3,0.25,58,4339
3,0.25,59,4143
3,0.25,60,4309
3,0.25,61,4888
3,0.25,62,4309
3,0.25,63,8554
3,0.25,64,8554
3,0.25,65,6239
3,0.25,66,4461
3,0.25,67,4339
3,0.25,68,6239
3,0.25,69,6239
3,0.25,70,6239
3,0.25,71,4309
3,0.25,72,4067
3,0.25,73,4888
3,0.25,74,4752
3,0.25,75,5230
3,0.25,76,6239
3,0.25,77,4888
3,0.25,78,4888
3,0.25,79,4339
3,0.25,80,5230
3,0.25,81,8554
3,0.25,82,8554
3,0.25,83,8554
3,0.25,84,4339
3,0.25,85,4888
3,0.25,86,6239
3,0.25,87,5230
3,0.25,88,8554
3,0.25,89,4333
3,0.25,90,4752
3,0.25,91,4309
3,0.25,92,4888
3,0.25,93,6239
3,0.25,94,6239
3,0.25,95,4888
3,0.25,96,4333
3,0.25,97,4442
3,0.25,98,6239
3,0.25,99,5230
3,0.25,100,4143
3,0.2,1,4143
3,0.2,2,8554
3,0.2,3,5230
3,0.2,4,8554
3,0.2,5,4461
3,0.2,6,4333
3,0.2,7,4461
3,0.2,8,4461
3,0.2,9,8554
3,0.2,10,6239
3,0.2,11,4442
3,0.2,12,4888
3,0.2,13,4309
3,0.2,14,4442
3,0.2,15,5230
3,0.2,16,8554
3,0.2,17,8554
3,0.2,18,4888
3,0.2,19,5230
3,0.2,20,5230
3,0.2,21,5230
3,0.2,22,4461
3,0.2,23,3851
3,0.2,24,6239
3,0.2,25,6239
3,0.2,26,3645
3,0.2,27,5230
3,0.2,28,3910
3,0.2,29,6239
3,0.2,30,4309
3,0.2,31,8554
3,0.2,32,8554
3,0.2,33,4752
3,0.2,34,8554
3,0.2,35,8554
3,0.2,36,4752
3,0.2,37,8554
3,0.2,38,8554
3,0.2,39,4888
3,0.2,40,6239
3,0.2,41,4442
3,0.2,42,4888
3,0.2,43,4461
3,0.2,44,3778
3,0.2,45,4888
3,0.2,46,6239
3,0.2,47,5230
3,0.2,48,3831
3,0.2,49,6239
3,0.2,50,8554
3,0.2,51,4333
3,0.2,52,4143
3,0.2,53,8554
3,0.2,54,5230
3,0.2,55,6239
3,0.2,56,4888
3,0.2,57,3557
3,0.2,58,6239
3,0.2,59,4461
3,0.2,60,8554
3,0.2,61,8554
3,0.2,62,4339
3,0.2,63,4339
3,0.2,64,6239
3,0.2,65,8554
3,0.2,66,4888
3,0.2,67,4752
3,0.2,68,4461
3,0.2,69,4333
3,0.2,70,5230
3,0.2,71,4461
3,0.2,72,5230
3,0.2,73,4752
3,0.2,74,6239
3,0.2,75,5230
3,0.2,76,3831
3,0.2,77,4752
3,0.2,78,4067
3,0.2,79,4461
3,0.2,80,5230
3,0.2,81,5230
3,0.2,82,4339
3,0.2,83,4461
3,0.2,84,4461
3,0.2,85,4461
3,0.2,86,4752
3,0.2,87,4067
3,0.2,88,8554
3,0.2,89,6239
3,0.2,90,4339
3,0.2,91,4309
3,0.2,92,5230
3,0.2,93,4333
3,0.2,94,6239
3,0.2,95,4442
3,0.2,96,6239
3,0.2,97,3778
3,0.2,98,6239
3,0.2,99,4888
3,0.2,100,3851
3,0.16666666666666666,1,3910
3,0.16666666666666666,2,4752
3,0.16666666666666666,3,5230
3,0.16666666666666666,4,4461
3,0.16666666666666666,5,6239
3,0.16666666666666666,6,4143
3,0.16666666666666666,7,5230
3,0.16666666666666666,8,4888
3,0.16666666666666666,9,5230
3,0.16666666666666666,10,4143
3,0.16666666666666666,11,6239
3,0.16666666666666666,12,4461
3,0.16666666666666666,13,5230
3,0.16666666666666666,14,5230
3,0.16666666666666666,15,8554
3,0.16666666666666666,16,4752
3,0.16666666666666666,17,4339
3,0.16666666666666666,18,4461
3,0.16666666666666666,19,4888
3,0.16666666666666666,20,8554
3,0.16666666666666666,21,6239
3,0.16666666666666666,22,3831
3,0.16666666666666666,23,6239
3,0.16666666666666666,24,4888
3,0.16666666666666666,25,6239
3,0.16666666666666666,26,4752
3,0.16666666666666666,27,3910
3,0.16666666666666666,28,4461
3,0.16666666666666666,29,4461
3,0.16666666666666666,30,3797
3,0.16666666666666666,31,4888
3,0.16666666666666666,32,4442
3,0.16666666666666666,33,4333
3,0.16666666666666666,34,4461
3,0.16666666666666666,35,4888
3,0.16666666666666666,36,6239
3,0.16666666666666666,37,6239
3,0.16666666666666666,38,8554
3,0.16666666666666666,39,8554
3,0.16666666666666666,40,4461
3,0.16666666666666666,41,8554
3,0.16666666666666666,42,3851
3,0.16666666666666666,43,8554
3,0.16666666666666666,44,4442
3,0.16666666666666666,45,4442
3,0.16666666666666666,46,4333
3,0.16666666666666666,47,8554
3,0.16666666666666666,48,4442
3,0.16666666666666666,49,6239
3,0.16666666666666666,50,5230
3,0.16666666666666666,51,4888
3,0.16666666666666666,52,4333
3,0.16666666666666666,53,4888
3,0.16666666666666666,54,8554
3,0.16666666666666666,55,6239
3,0.16666666666666666,56,6239
3,0.16666666666666666,57,8554
3,0.16666666666666666,58,8554
3,0.16666666666666666,59,6239
3,0.16666666666666666,60,4752
3,0.16666666666666666,61,4461
3,0.16666666666666666,62,5230
3,0.16666666666666666,63,6239
3,0.16666666666666666,64,4309
3,0.16666666666666666,65,6239
3,0.16666666666666666,66,4333
3,0.16666666666666666,67,5230
3,0.16666666666666666,68,3665
3,0.16666666666666666,69,4067
3,0.16666666666666666,70,6239
3,0.16666666666666666,71,8554
3,0.16666666666666666,72,3369
3,0.16666666666666666,73,4752
3,0.16666666666666666,74,4339
3,0.16666666666666666,75,6239
3,0.16666666666666666,76,8554
3,0.16666666666666666,77,4752
3,0.16666666666666666,78,3851
3,0.16666666666666666,79,4888
3,0.16666666666666666,80,4461
3,0.16666666666666666,81,4442
3,0.16666666666666666,82,5230
3,0.16666666666666666,83,8554
3,0.16666666666666666,84,4067
3,0.16666666666666666,85,4143
3,0.16666666666666666,86,4067
3,0.16666666666666666,87,4752
3,0.16666666666666666,88,4888
3,0.16666666666666666,89,8554
3,0.16666666666666666,90,4309
3,0.16666666666666666,91,4143
3,0.16666666666666666,92,5230
3,0.16666666666666666,93,5230
3,0.16666666666666666,94,6239
3,0.16666666666666666,95,5230
3,0.16666666666666666,96,4442
3,0.16666666666666666,97,4442
3,0.16666666666666666,98,8554
3,0.16666666666666666,99,4752
3,0.16666666666666666,100,3665
3,0.14285714285714285,1,5230
3,0.14285714285714285,2,4333
3,0.14285714285714285,3,4333
3,0.14285714285714285,4,6239
3,0.14285714285714285,5,8554
3,0.14285714285714285,6,6239
3,0.14285714285714285,7,5230
3,0.14285714285714285,8,4339
3,0.14285714285714285,9,3665
3,0.14285714285714285,10,6239
3,0.14285714285714285,11,4461
3,0.14285714285714285,12,3720
3,0.14285714285714285,13,3910
3,0.14285714285714285,14,6239
3,0.14285714285714285,15,6239
3,0.14285714285714285,16,5230
3,0.14285714285714285,17,4442
3,0.14285714285714285,18,5230
3,0.14285714285714285,19,8554
3,0.14285714285714285,20,4888
3,0.14285714285714285,21,6239
3,0.14285714285714285,22,3418
3,0.14285714285714285,23,8554
3,0.14285714285714285,24,4461
3,0.14285714285714285,25,6239
3,0.14285714285714285,26,4461
3,0.14285714285714285,27,5230
3,0.14285714285714285,28,6239
3,0.14285714285714285,29,5230
3,0.14285714285714285,30,5230
3,0.14285714285714285,31,8554
3,0.14285714285714285,32,5230
3,0.14285714285714285,33,4339
3,0.14285714285714285,34,6239
3,0.14285714285714285,35,5230
3,0.14285714285714285,36,3851
3,0.14285714285714285,37,4888
3,0.14285714285714285,38,6239
3,0.14285714285714285,39,6239
3,0.14285714285714285,40,4339
3,0.14285714285714285,41,3720
3,0.14285714285714285,42,4143
3,0.14285714285714285,43,4461
3,0.14285714285714285,44,6239
3,0.14285714285714285,45,5230
3,0.14285714285714285,46,3778
3,0.14285714285714285,47,5230
3,0.14285714285714285,48,4309
3,0.14285714285714285,49,8554
3,0.14285714285714285,50,4752
3,0.14285714285714285,51,8554
3,0.14285714285714285,52,6239
3,0.14285714285714285,53,4752
3,0.14285714285714285,54,8554
3,0.14285714285714285,55,4333
3,0.14285714285714285,56,4461
3,0.14285714285714285,57,4442
3,0.14285714285714285,58,5230
3,0.14285714285714285,59,4752
3,0.14285714285714285,60,6239
3,0.14285714285714285,61,4888
3,0.14285714285714285,62,4461
3,0.14285714285714285,63,4888
3,0.14285714285714285,64,4752
3,0.14285714285714285,65,4752
3,0.14285714285714285,66,5230
3,0.14285714285714285,67,4442
3,0.14285714285714285,68,6239
3,0.14285714285714285,69,5230
3,0.14285714285714285,70,4339
3,0.14285714285714285,71,6239
3,0.14285714285714285,72,6239
3,0.14285714285714285,73,4309
3,0.14285714285714285,74,4333
3,0.14285714285714285,75,4143
3,0.14285714285714285,76,5230
3,0.14285714285714285,77,4888
3,0.14285714285714285,78,3746
3,0.14285714285714285,79,8554
3,0.14285714285714285,80,4143
3,0.14285714285714285,81,3720
3,0.14285714285714285,82,6239
3,0.14285714285714285,83,4442
3,0.14285714285714285,84,3797
3,0.14285714285714285,85,3756
3,0.14285714285714285,86,6239
3,0.14285714285714285,87,3756
3,0.14285714285714285,88,4309
3,0.14285714285714285,89,5230
3,0.14285714285714285,90,3645
3,0.14285714285714285,91,6239
3,0.14285714285714285,92,4309
3,0.14285714285714285,93,5230
3,0.14285714285714285,94,4333
3,0.14285714285714285,95,4333
3,0.14285714285714285,96,3831
3,0.14285714285714285,97,6239
3,0.14285714285714285,98,4309
3,0.14285714285714285,99,4339
3,0.14285714285714285,100,4309
3,0.125,1,4309
3,0.125,2,4309
3,0.125,3,3851
3,0.125,4,5230
3,0.125,5,3797
3,0.125,6,8554
3,0.125,7,4333
3,0.125,8,4143
3,0.125,9,4888
3,0.125,10,4752
3,0.125,11,4461
3,0.125,12,3910
3,0.125,13,3645
3,0.125,14,4442
3,0.125,15,3285
3,0.125,16,4461
3,0.125,17,3746
3,0.125,18,5230
3,0.125,19,6239
3,0.125,20,5230
3,0.125,21,3831
3,0.125,22,4461
3,0.125,23,4309
3,0.125,24,3767
3,0.125,25,4461
3,0.125,26,3720
3,0.125,27,4888
3,0.125,28,3778
3,0.125,29,8554
3,0.125,30,8554
3,0.125,31,5230
3,0.125,32,6239
3,0.125,33,8554
3,0.125,34,3910
3,0.125,35,4333
3,0.125,36,8554
3,0.125,37,4752
3,0.125,38,8554
3,0.125,39,8554
3,0.125,40,3797
3,0.125,41,4888
3,0.125,42,4333
3,0.125,43,5230
3,0.125,44,4333
3,0.125,45,5230
3,0.125,46,4143
3,0.125,47,4888
3,0.125,48,4752
3,0.125,49,4339
3,0.125,50,4442
3,0.125,51,4461
3,0.125,52,4333
3,0.125,53,3418
3,0.125,54,3515
3,0.125,55,3778
3,0.125,56,4442
3,0.125,57,4339
3,0.125,58,5230
3,0.125,59,5230
3,0.125,60,4752
3,0.125,61,4752
3,0.125,62,8554
3,0.125,63,4752
3,0.125,64,4888
3,0.125,65,5230
3,0.125,66,3797
3,0.125,67,4461
3,0.125,68,3851
3,0.125,69,4339
3,0.125,70,4888
3,0.125,71,8554
3,0.125,72,4333
3,0.125,73,4309
3,0.125,74,4752
3,0.125,75,3645
3,0.125,76,8554
3,0.125,77,5230
3,0.125,78,3797
3,0.125,79,3746
3,0.125,80,4888
3,0.125,81,6239
3,0.125,82,4339
3,0.125,83,3557
3,0.125,84,3910
3,0.125,85,4461
3,0.125,86,4888
3,0.125,87,4309
3,0.125,88,6239
3,0.125,89,4143
3,0.125,90,5230
3,0.125,91,3851
3,0.125,92,6239
3,0.125,93,4888
3,0.125,94,4888
3,0.125,95,3756
3,0.125,96,8554
3,0.125,97,8554
3,0.125,98,4067
3,0.125,99,3265
3,0.125,100,5230
3,0.1111111111111111,1,5230
3,0.1111111111111111,2,3851
3,0.1111111111111111,3,3778
3,0.1111111111111111,4,8554
3,0.1111111111111111,5,4333
3,0.1111111111111111,6,6239
3,0.1111111111111111,7,5230
3,0.1111111111111111,8,3487
3,0.1111111111111111,9,3767
3,0.1111111111111111,10,4143
3,0.1111111111111111,11,3557
3,0.1111111111111111,12,4442
3,0.1111111111111111,13,5230
3,0.1111111111111111,14,6239
3,0.1111111111111111,15,3557
3,0.1111111111111111,16,3831
3,0.1111111111111111,17,4333
3,0.1111111111111111,18,3515
3,0.1111111111111111,19,6239
3,0.1111111111111111,20,3756
3,0.1111111111111111,21,4143
3,0.1111111111111111,22,4143
3,0.1111111111111111,23,4339
3,0.1111111111111111,24,6239
3,0.1111111111111111,25,4067
3,0.1111111111111111,26,4752
3,0.1111111111111111,27,5230
3,0.1111111111111111,28,5230
3,0.1111111111111111,29,4461
3,0.1111111111111111,30,4752
3,0.1111111111111111,31,8554
3,0.1111111111111111,32,4752
3,0.1111111111111111,33,6239
3,0.1111111111111111,34,3370
3,0.1111111111111111,35,5230
3,0.1111111111111111,36,3831
3,0.1111111111111111,37,3308
3,0.1111111111111111,38,3778
3,0.1111111111111111,39,3831
3,0.1111111111111111,40,3797
3,0.1111111111111111,41,4442
3,0.1111111111111111,42,4339
3,0.1111111111111111,43,4442
3,0.1111111111111111,44,4339
3,0.1111111111111111,45,3665
3,0.1111111111111111,46,8554
3,0.1111111111111111,47,3797
3,0.1111111111111111,48,4888
3,0.1111111111111111,49,4067
3,0.1111111111111111,50,4339
3,0.1111111111111111,51,4067
3,0.1111111111111111,52,4461
3,0.1111111111111111,53,4888
3,0.1111111111111111,54,4461
3,0.1111111111111111,55,8554
3,0.1111111111111111,56,3778
3,0.1111111111111111,57,6239
3,0.1111111111111111,58,3851
3,0.1111111111111111,59,6239
3,0.1111111111111111,60,4143
3,0.1111111111111111,61,3831
3,0.1111111111111111,62,4888
3,0.1111111111111111,63,4309
3,0.1111111111111111,64,5230
3,0.1111111111111111,65,8554
3,0.1111111111111111,66,4442
3,0.1111111111111111,67,4888
3,0.1111111111111111,68,5230
3,0.1111111111111111,69,4339
3,0.1111111111111111,70,4752
3,0.1111111111111111,71,3434
3,0.1111111111111111,72,5230
3,0.1111111111111111,73,4339
3,0.1111111111111111,74,4752
3,0.1111111111111111,75,6239
3,0.1111111111111111,76,3778
3,0.1111111111111111,77,4339
3,0.1111111111111111,78,5230
3,0.1111111111111111,79,6239
3,0.1111111111111111,80,3851
3,0.1111111111111111,81,4461
3,0.1111111111111111,82,6239
3,0.1111111111111111,83,5230
3,0.1111111111111111,84,6239
3,0.1111111111111111,85,4442
3,0.1111111111111111,86,4461
3,0.1111111111111111,87,4333
3,0.1111111111111111,88,4461
3,0.1111111111111111,89,4888
3,0.1111111111111111,90,3370
3,0.1111111111111111,91,3797
3,0.1111111111111111,92,8554
3,0.1111111111111111,93,4143
3,0.1111111111111111,94,3910
3,0.1111111111111111,95,8554
3,0.1111111111111111,96,5230
3,0.1111111111111111,97,3515
3,0.1111111111111111,98,4333
3,0.1111111111111111,99,3720
3,0.1111111111111111,100,6239
3,0.1,1,4461
3,0.1,2,8554
3,0.1,3,3756
3,0.1,4,4333
3,0.1,5,3851
3,0.1,6,8554
3,0.1,7,4339
3,0.1,8,4888
3,0.1,9,4461
3,0.1,10,8554
3,0.1,11,8554
3,0.1,12,4752
3,0.1,13,4309
3,0.1,14,3831
3,0.1,15,6239
3,0.1,16,4333
3,0.1,17,3515
3,0.1,18,8554
3,0.1,19,3778
3,0.1,20,4752
3,0.1,21,4752
3,0.1,22,6239
3,0.1,23,3767
3,0.1,24,8554
3,0.1,25,4461
3,0.1,26,5230
3,0.1,27,4442
3,0.1,28,4333
3,0.1,29,4143
3,0.1,30,4461
3,0.1,31,4333
3,0.1,32,3040
3,0.1,33,3419
3,0.1,34,3778
3,0.1,35,4333
3,0.1,36,4461
3,0.1,37,4442
3,0.1,38,3910
3,0.1,39,3778
3,0.1,40,8554
3,0.1,41,5230
3,0.1,42,5230
3,0.1,43,3720
3,0.1,44,4461
3,0.1,45,3548
3,0.1,46,3851
3,0.1,47,3767
3,0.1,48,3797
3,0.1,49,3851
3,0.1,50,8554
3,0.1,51,4333
3,0.1,52,4442
3,0.1,53,4339
3,0.1,54,3161
3,0.1,55,4752
3,0.1,56,6239
3,0.1,57,6239
3,0.1,58,8554
3,0.1,59,4067
3,0.1,60,3645
3,0.1,61,8554
3,0.1,62,4752
3,0.1,63,4333
3,0.1,64,4442
3,0.1,65,5230
3,0.1,66,3285
3,0.1,67,6239
3,0.1,68,4067
3,0.1,69,2979
3,0.1,70,8554
3,0.1,71,4333
3,0.1,72,8554
3,0.1,73,8554
3,0.1,74,8554
3,0.1,75,4888
3,0.1,76,8554
3,0.1,77,4067
3,0.1,78,4461
3,0.1,79,4442
3,0.1,80,8554
3,0.1,81,4888
3,0.1,82,4339
3,0.1,83,4339
3,0.1,84,4067
3,0.1,85,4752
3,0.1,86,4442
3,0.1,87,4309
3,0.1,88,3910
3,0.1,89,4461
3,0.1,90,6239
3,0.1,91,4888
3,0.1,92,3851
3,0.1,93,4143
3,0.1,94,8554
3,0.1,95,3746
3,0.1,96,3515
3,0.1,97,6239
3,0.1,98,6239
3,0.1,99,4752
3,0.1,100,4067
4,0.5,1,99847
4,0.5,2,99847
4,0.5,3,99847
4,0.5,4,99847
4,0.5,5,69787
4,0.5,6,99847
4,0.5,7,99847
4,0.5,8,99847
4,0.5,9,75962
4,0.5,10,99847
4,0.5,11,75962
4,0.5,12,99847
4,0.5,13,75962
4,0.5,14,99847
4,0.5,15,99847
4,0.5,16,99847
4,0.5,17,99847
4,0.5,18,72622
4,0.5,19,99847
4,0.5,20,75962
4,0.5,21,99847
4,0.5,22,99847
4,0.5,23,99847
4,0.5,24,99847
4,0.5,25,72622
4,0.5,26,72622
4,0.5,27,99847
4,0.5,28,70406
4,0.5,29,75962
4,0.5,30,99847
4,0.5,31,99847
4,0.5,32,75962
4,0.5,33,99847
4,0.5,34,72622
4,0.5,35,75962
4,0.5,36,99847
4,0.5,37,99847
4,0.5,38,99847
4,0.5,39,99847
4,0.5,40,72622
4,0.5,41,72622
4,0.5,42,99847
4,0.5,43,99847
4,0.5,44,75962
4,0.5,45,69787
4,0.5,46,75962
4,0.5,47,72622
4,0.5,48,99847
4,0.5,49,99847
4,0.5,50,75962
4,0.5,51,99847
4,0.5,52,75962
4,0.5,53,75962
4,0.5,54,72622
4,0.5,55,75962
4,0.5,56,99847
4,0.5,57,99847
4,0.5,58,99847
4,0.5,59,99847
4,0.5,60,99847
4,0.5,61,70406
4,0.5,62,75962
4,0.5,63,75962
4,0.5,64,99847
4,0.5,65,75962
4,0.5,66,69787
4,0.5,67,75962
4,0.5,68,72622
4,0.5,69,72622
4,0.5,70,72622
4,0.5,71,70406
4,0.5,72,75962
4,0.5,73,99847
4,0.5,74,69787
4,0.5,75,75962
4,0.5,76,99847
4,0.5,77,99847
4,0.5,78,72622
4,0.5,79,75962
4,0.5,80,75962
4,0.5,81,72622
4,0.5,82,99847
4,0.5,83,75962
4,0.5,84,75962
4,0.5,85,99847
4,0.5,86,99847
4,0.5,87,99847
4,0.5,88,72622
4,0.5,89,99847
4,0.5,90,70406
4,0.5,91,72622
4,0.5,92,75962
4,0.5,93,75962
4,0.5,94,72622
4,0.5,95,99847
4,0.5,96,75962
4,0.5,97,72622
4,0.5,98,99847
4,0.5,99,72622
4,0.5,100,72622
4,0.3333333333333333,1,99847
4,0.3333333333333333,2,69787
4,0.3333333333333333,3,99847
4,0.3333333333333333,4,72622
4,0.3333333333333333,5,72622
4,0.3333333333333333,6,69787
4,0.3333333333333333,7,99847
4,0.3333333333333333,8,99847
4,0.3333333333333333,9,99847
4,0.3333333333333333,10,65906
4,0.3333333333333333,11,99847
4,0.3333333333333333,12,75962
4,0.3333333333333333,13,99847
4,0.3333333333333333,14,99847
4,0.3333333333333333,15,70406
4,0.3333333333333333,16,72622
4,0.3333333333333333,17,75962
4,0.3333333333333333,18,99847
4,0.3333333333333333,19,99847
4,0.3333333333333333,20,70406
4,0.3333333333333333,21,63347
4,0.3333333333333333,22,99847
4,0.3333333333333333,23,63347
4,0.3333333333333333,24,72622
4,0.3333333333333333,25,99847
4,0.3333333333333333,26,72622
4,0.3333333333333333,27,99847
4,0.3333333333333333,28,72622
4,0.3333333333333333,29,72622
4,0.3333333333333333,30,99847
4,0.3333333333333333,31,75962
4,0.3333333333333333,32,99847
4,0.3333333333333333,33,75962
4,0.3333333333333333,34,99847
4,0.3333333333333333,35,99847
4,0.3333333333333333,36,99847
4,0.3333333333333333,37,69787
4,0.3333333333333333,38,65596
4,0.3333333333333333,39,99847
4,0.3333333333333333,40,70406
4,0.3333333333333333,41,72622
4,0.3333333333333333,42,99847
4,0.3333333333333333,43,75962
4,0.3333333333333333,44,75962
4,0.3333333333333333,45,75962
4,0.3333333333333333,46,99847
4,0.3333333333333333,47,99847
4,0.3333333333333333,48,70406
4,0.3333333333333333,49,75962
4,0.3333333333333333,50,72622
4,0.3333333333333333,51,75962
4,0.3333333333333333,52,99847
4,0.3333333333333333,53,75962
4,0.3333333333333333,54,75962
4,0.3333333333333333,55,99847
4,0.3333333333333333,56,75962
4,0.3333333333333333,57,75962
4,0.3333333333333333,58,75962
4,0.3333333333333333,59,99847
4,0.3333333333333333,60,99847
4,0.3333333333333333,61,75962
4,0.3333333333333333,62,72622
4,0.3333333333333333,63,99847
4,0.3333333333333333,64,99847
4,0.3333333333333333,65,69787
4,0.3333333333333333,66,99847
4,0.3333333333333333,67,72622
4,0.3333333333333333,68,70406
4,0.3333333333333333,69,69787
4,0.3333333333333333,70,99847
4,0.3333333333333333,71,99847
4,0.3333333333333333,72,99847
4,0.3333333333333333,73,99847
4,0.3333333333333333,74,72622
4,0.3333333333333333,75,72622
4,0.3333333333333333,76,75962
4,0.3333333333333333,77,70406
4,0.3333333333333333,78,99847
4,0.3333333333333333,79,99847
4,0.3333333333333333,80,75962
4,0.3333333333333333,81,99847
4,0.3333333333333333,82,75962
4,0.3333333333333333,83,99847
4,0.3333333333333333,84,72622
4,0.3333333333333333,85,65596
4,0.3333333333333333,86,75962
4,0.3333333333333333,87,99847
4,0.3333333333333333,88,99847
4,0.3333333333333333,89,99847
4,0.3333333333333333,90,65596
4,0.3333333333333333,91,99847
4,0.3333333333333333,92,72622
4,0.3333333333333333,93,75962
4,0.3333333333333333,94,69787
4,0.3333333333333333,95,99847
4,0.3333333333333333,96,72622
4,0.3333333333333333,97,99847
4,0.3333333333333333,98,72622
4,0.3333333333333333,99,65084
4,0.3333333333333333,100,75962
4,0.25,1,65906
4,0.25,2,72622
4,0.25,3,69787
4,0.25,4,99847
4,0.25,5,75962
4,0.25,6,75962
4,0.25,7,65084
4,0.25,8,65596
4,0.25,9,69787
4,0.25,10,99847
4,0.25,11,67686
4,0.25,12,69787
4,0.25,13,63347
4,0.25,14,65084
4,0.25,15,99847
4,0.25,16,72622
4,0.25,17,67686
4,0.25,18,67686
4,0.25,19,70406
4,0.25,20,72622
4,0.25,21,65596
4,0.25,22,99847
4,0.25,23,75962
4,0.25,24,62003
4,0.25,25,99847
4,0.25,26,72622
4,0.25,27,58904
4,0.25,28,65906
4,0.25,29,75962
4,0.25,30,75962
4,0.25,31,70406
4,0.25,32,58249
4,0.25,33,67686
4,0.25,34,67686
4,0.25,35,64695
4,0.25,36,72622
4,0.25,37,75962
4,0.25,38,67686
4,0.25,39,99847
4,0.25,40,75962
4,0.25,41,72622
4,0.25,42,99847
4,0.25,43,99847
4,0.25,44,63347
4,0.25,45,67686
4,0.25,46,72622
4,0.25,47,70406
4,0.25,48,67686
4,0.25,49,75962
4,0.25,50,69787
4,0.25,51,70406
4,0.25,52,65596
4,0.25,53,72622
4,0.25,54,75962
4,0.25,55,70406
4,0.25,56,99847
4,0.25,57,64695
4,0.25,58,65084
4,0.25,59,70406
4,0.25,60,99847
4,0.25,61,69787
4,0.25,62,72622
4,0.25,63,69787
4,0.25,64,72622
4,0.25,65,75962
4,0.25,66,99847
4,0.25,67,72622
4,0.25,68,99847
4,0.25,69,75962
4,0.25,70,99847
4,0.25,71,70406
4,0.25,72,99847
4,0.25,73,72622
4,0.25,74,75962
4,0.25,75,69787
4,0.25,76,99847
4,0.25,77,99847
4,0.25,78,99847
4,0.25,79,70406
4,0.25,80,75962
4,0.25,81,70406
4,0.25,82,69787
4,0.25,83,70406
4,0.25,84,99847
4,0.25,85,99847
4,0.25,86,70406
4,0.25,87,99847
4,0.25,88,70406
4,0.25,89,99847
4,0.25,90,67686
4,0.25,91,75962
4,0.25,92,75962
4,0.25,93,65906
4,0.25,94,67686
4,0.25,95,70406
4,0.25,96,65084
4,0.25,97,69787
4,0.25,98,70406
4,0.25,99,99847
4,0.25,100,61473
4,0.2,1,65596
4,0.2,2,75962
4,0.2,3,70406
4,0.2,4,75962
4,0.2,5,67686
4,0.2,6,64695
4,0.2,7,62003
4,0.2,8,65084
4,0.2,9,99847
4,0.2,10,72622
4,0.2,11,69787
4,0.2,12,99847
4,0.2,13,75962
4,0.2,14,72622
4,0.2,15,70406
4,0.2,16,69787
4,0.2,17,75962
4,0.2,18,99847
4,0.2,19,65596
4,0.2,20,65596
4,0.2,21,63347
4,0.2,22,69787
4,0.2,23,70406
4,0.2,24,75962
4,0.2,25,99847
4,0.2,26,65906
4,0.2,27,61896
4,0.2,28,61287
4,0.2,29,67686
4,0.2,30,69787
4,0.2,31,61896
4,0.2,32,64695
4,0.2,33,64695
4,0.2,34,99847
4,0.2,35,61610
4,0.2,36,70406
4,0.2,37,65906
4,0.2,38,75962
4,0.2,39,62003
4,0.2,40,69787
4,0.2,41,63347
4,0.2,42,75962
4,0.2,43,99847
4,0.2,44,58249
4,0.2,45,99847
4,0.2,46,75962
4,0.2,47,99847
4,0.2,48,65084
4,0.2,49,70406
4,0.2,50,75962
4,0.2,51,63347
4,0.2,52,99847
4,0.2,53,75962
4,0.2,54,61896
4,0.2,55,75962
4,0.2,56,65906
4,0.2,57,75962
4,0.2,58,75962
4,0.2,59,99847
4,0.2,60,56099
4,0.2,61,65084
4,0.2,62,99847
4,0.2,63,63347
4,0.2,64,99847
4,0.2,65,70406
4,0.2,66,75962
4,0.2,67,69787
4,0.2,68,72622
4,0.2,69,70406
4,0.2,70,75962
4,0.2,71,99847
4,0.2,72,72622
4,0.2,73,75962
4,0.2,74,65906
4,0.2,75,72622
4,0.2,76,72622
4,0.2,77,70406
4,0.2,78,61896
4,0.2,79,75962
4,0.2,80,65596
4,0.2,81,65596
4,0.2,82,65596
4,0.2,83,72622
4,0.2,84,69787
4,0.2,85,99847
4,0.2,86,69787
4,0.2,87,67686
4,0.2,88,75962
4,0.2,89,65596
4,0.2,90,99847
4,0.2,91,99847
4,0.2,92,70406
4,0.2,93,65906
4,0.2,94,64695
4,0.2,95,67686
4,0.2,96,70406
4,0.2,97,67686
4,0.2,98,70406
4,0.2,99,69787
4,0.2,100,65084
4,0.16666666666666666,1,63347
4,0.16666666666666666,2,67686
4,0.16666666666666666,3,65906
4,0.16666666666666666,4,72622
4,0.16666666666666666,5,70406
4,0.16666666666666666,6,72622
4,0.16666666666666666,7,75962
4,0.16666666666666666,8,75962
4,0.16666666666666666,9,70406
4,0.16666666666666666,10,75962
4,0.16666666666666666,11,75962
4,0.16666666666666666,12,67686
4,0.16666666666666666,13,72622
4,0.16666666666666666,14,72622
4,0.16666666666666666,15,62003
4,0.16666666666666666,16,99847
4,0.16666666666666666,17,72622
4,0.16666666666666666,18,99847
4,0.16666666666666666,19,70406
4,0.16666666666666666,20,69787
4,0.16666666666666666,21,75962
4,0.16666666666666666,22,69787
4,0.16666666666666666,23,70406
4,0.16666666666666666,24,75962
4,0.16666666666666666,25,72622
4,0.16666666666666666,26,64695
4,0.16666666666666666,27,72622
4,0.16666666666666666,28,65906
4,0.16666666666666666,29,65596
4,0.16666666666666666,30,61896
4,0.16666666666666666,31,63347
4,0.16666666666666666,32,75962
4,0.16666666666666666,33,70406
4,0.16666666666666666,34,72622
4,0.16666666666666666,35,65084
4,0.16666666666666666,36,67686
4,0.16666666666666666,37,99847
4,0.16666666666666666,38,72622
4,0.16666666666666666,39,67686
4,0.16666666666666666,40,75962
4,0.16666666666666666,41,72622
4,0.16666666666666666,42,72622
4,0.16666666666666666,43,75962
4,0.16666666666666666,44,65596
4,0.16666666666666666,45,64695
4,0.16666666666666666,46,75962
4,0.16666666666666666,47,70406
4,0.16666666666666666,48,65596
4,0.16666666666666666,49,56099
4,0.16666666666666666,50,67686
4,0.16666666666666666,51,67686
4,0.16666666666666666,52,65596
4,0.16666666666666666,53,61287
4,0.16666666666666666,54,67686
4,0.16666666666666666,55,72622
4,0.16666666666666666,56,99847
4,0.16666666666666666,57,99847
4,0.16666666666666666,58,99847
4,0.16666666666666666,59,70406
4,0.16666666666666666,60,75962
4,0.16666666666666666,61,72622
4,0.16666666666666666,62,72622
4,0.16666666666666666,63,64695
4,0.16666666666666666,64,67686
4,0.16666666666666666,65,72622
4,0.16666666666666666,66,67686
4,0.16666666666666666,67,65596
4,0.16666666666666666,68,64695
4,0.16666666666666666,69,65596
4,0.16666666666666666,70,70406
4,0.16666666666666666,71,72622
4,0.16666666666666666,72,64695
4,0.16666666666666666,73,69787
4,0.16666666666666666,74,99847
4,0.16666666666666666,75,72622
4,0.16666666666666666,76,99847
4,0.16666666666666666,77,61896
4,0.16666666666666666,78,61610
4,0.16666666666666666,79,61610
4,0.16666666666666666,80,99847
4,0.16666666666666666,81,99847
4,0.16666666666666666,82,72622
4,0.16666666666666666,83,72622
4,0.16666666666666666,84,99847
4,0.16666666666666666,85,64695
4,0.16666666666666666,86,99847
4,0.16666666666666666,87,70406
4,0.16666666666666666,88,61610
4,0.16666666666666666,89,69787
4,0.16666666666666666,90,69787
4,0.16666666666666666,91,72622
4,0.16666666666666666,92,67686
4,0.16666666666666666,93,99847
4,0.16666666666666666,94,60873
4,0.16666666666666666,95,65084
4,0.16666666666666666,96,61287
4,0.16666666666666666,97,65084
4,0.16666666666666666,98,75962
4,0.16666666666666666,99,65084
4,0.16666666666666666,100,62003
4,0.14285714285714285,1,99847
4,0.14285714285714285,2,72622
4,0.14285714285714285,3,65596
4,0.14285714285714285,4,67686
4,0.14285714285714285,5,69787
4,0.14285714285714285,6,72622
4,0.14285714285714285,7,72622
4,0.14285714285714285,8,60085
4,0.14285714285714285,9,58249
4,0.14285714285714285,10,62003
4,0.14285714285714285,11,63347
4,0.14285714285714285,12,75962
4,0.14285714285714285,13,58161
4,0.14285714285714285,14,72622
4,0.14285714285714285,15,70406
4,0.14285714285714285,16,75962
4,0.14285714285714285,17,62003
4,0.14285714285714285,18,72622
4,0.14285714285714285,19,65906
4,0.14285714285714285,20,70406
4,0.14285714285714285,21,72622
4,0.14285714285714285,22,69787
4,0.14285714285714285,23,62003
4,0.14285714285714285,24,72622
4,0.14285714285714285,25,70406
4,0.14285714285714285,26,99847
4,0.14285714285714285,27,67686
4,0.14285714285714285,28,72622
4,0.14285714285714285,29,61896
4,0.14285714285714285,30,99847
4,0.14285714285714285,31,99847
4,0.14285714285714285,32,99847
4,0.14285714285714285,33,61287
4,0.14285714285714285,34,75962
4,0.14285714285714285,35,65084
4,0.14285714285714285,36,62003
4,0.14285714285714285,37,99847
4,0.14285714285714285,38,99847
4,0.14285714285714285,39,65084
4,0.14285714285714285,40,61473
4,0.14285714285714285,41,65906
4,0.14285714285714285,42,64695
4,0.14285714285714285,43,99847
4,0.14285714285714285,44,65596
4,0.14285714285714285,45,58249
4,0.14285714285714285,46,99847
4,0.14285714285714285,47,72622
4,0.14285714285714285,48,72622
4,0.14285714285714285,49,72622
4,0.14285714285714285,50,65906
4,0.14285714285714285,51,67686
4,0.14285714285714285,52,55680
4,0.14285714285714285,53,99847
4,0.14285714285714285,54,72622
4,0.14285714285714285,55,50289
4,0.14285714285714285,56,99847
4,0.14285714285714285,57,99847
4,0.14285714285714285,58,62003
4,0.14285714285714285,59,99847
4,0.14285714285714285,60,67686
4,0.14285714285714285,61,65906
4,0.14285714285714285,62,75962
4,0.14285714285714285,63,75962
4,0.14285714285714285,64,72622
4,0.14285714285714285,65,70406
4,0.14285714285714285,66,56099
4,0.14285714285714285,67,67686
4,0.14285714285714285,68,99847
4,0.14285714285714285,69,61896
4,0.14285714285714285,70,61473
4,0.14285714285714285,71,70406
4,0.14285714285714285,72,56099
4,0.14285714285714285,73,70406
4,0.14285714285714285,74,75962
4,0.14285714285714285,75,65906
4,0.14285714285714285,76,75962
4,0.14285714285714285,77,69787
4,0.14285714285714285,78,99847
4,0.14285714285714285,79,65596
4,0.14285714285714285,80,99847
4,0.14285714285714285,81,62003
4,0.14285714285714285,82,99847
4,0.14285714285714285,83,99847
4,0.14285714285714285,84,65596
4,0.14285714285714285,85,60085
4,0.14285714285714285,86,63347
4,0.14285714285714285,87,65906
4,0.14285714285714285,88,65084
4,0.14285714285714285,89,72622
4,0.14285714285714285,90,70406
4,0.14285714285714285,91,65596
4,0.14285714285714285,92,61473
4,0.14285714285714285,93,69787
4,0.14285714285714285,94,72622
4,0.14285714285714285,95,72622
4,0.14285714285714285,96,99847
4,0.14285714285714285,97,75962
4,0.14285714285714285,98,99847
4,0.14285714285714285,99,75962
4,0.14285714285714285,100,69787
4,0.125,1,64695
4,0.125,2,64695
4,0.125,3,65906
4,0.125,4,65906
4,0.125,5,65906
4,0.125,6,54526
4,0.125,7,75962
4,0.125,8,65906
4,0.125,9,58904
4,0.125,10,99847
4,0.125,11,69787
4,0.125,12,67686
4,0.125,13,58904
4,0.125,14,61287
4,0.125,15,57052
4,0.125,16,70406
4,0.125,17,99847
4,0.125,18,72622
4,0.125,19,72622
4,0.125,20,75962
4,0.125,21,72622
4,0.125,22,65596
4,0.125,23,65906
4,0.125,24,72622
4,0.125,25,99847
4,0.125,26,70406
4,0.125,27,70406
4,0.125,28,72622
4,0.125,29,69787
4,0.125,30,61198
4,0.125,31,65084
4,0.125,32,72622
4,0.125,33,67686
4,0.125,34,65906
4,0.125,35,58249
4,0.125,36,60873
4,0.125,37,69787
4,0.125,38,67686
4,0.125,39,75962
4,0.125,40,57052
4,0.125,41,69787
4,0.125,42,58249
4,0.125,43,75962
4,0.125,44,58249
4,0.125,45,58500
4,0.125,46,75962
4,0.125,47,70406
4,0.125,48,63347
4,0.125,49,65906
4,0.125,50,65084
4,0.125,51,72622
4,0.125,52,70406
4,0.125,53,99847
4,0.125,54,99847
4,0.125,55,70406
4,0.125,56,72622
4,0.125,57,70406
4,0.125,58,72622
4,0.125,59,62003
4,0.125,60,58161
4,0.125,61,75962
4,0.125,62,67686
4,0.125,63,67686
4,0.125,64,75962
4,0.125,65,75962
4,0.125,66,63347
4,0.125,67,99847
4,0.125,68,57739
4,0.125,69,70406
4,0.125,70,64695
4,0.125,71,62003
4,0.125,72,99847
4,0.125,73,69787
4,0.125,74,65084
4,0.125,75,72622
4,0.125,76,69787
4,0.125,77,72622
4,0.125,78,65084
4,0.125,79,65906
4,0.125,80,75962
4,0.125,81,65596
4,0.125,82,99847
4,0.125,83,61473
4,0.125,84,65084
4,0.125,85,75962
4,0.125,86,72622
4,0.125,87,75962
4,0.125,88,60873
4,0.125,89,67686
4,0.125,90,58161
4,0.125,91,99847
4,0.125,92,69787
4,0.125,93,99847
4,0.125,94,62003
4,0.125,95,69787
4,0.125,96,72622
4,0.125,97,72622
4,0.125,98,72622
4,0.125,99,75962
4,0.125,100,58904
4,0.1111111111111111,1,57891
4,0.1111111111111111,2,99847
4,0.1111111111111111,3,65596
4,0.1111111111111111,4,63347
4,0.1111111111111111,5,62003
4,0.1111111111111111,6,65906
4,0.1111111111111111,7,65906
4,0.1111111111111111,8,72622
4,0.1111111111111111,9,69787
4,0.1111111111111111,10,70406
4,0.1111111111111111,11,61473
4,0.1111111111111111,12,75962
4,0.1111111111111111,13,65084
4,0.1111111111111111,14,65906
4,0.1111111111111111,15,75962
4,0.1111111111111111,16,64695
4,0.1111111111111111,17,64695
4,0.1111111111111111,18,61198
4,0.1111111111111111,19,75962
4,0.1111111111111111,20,58161
4,0.1111111111111111,21,65906
4,0.1111111111111111,22,61896
4,0.1111111111111111,23,65596
4,0.1111111111111111,24,67686
4,0.1111111111111111,25,62003
4,0.1111111111111111,26,70406
4,0.1111111111111111,27,65596
4,0.1111111111111111,28,54981
4,0.1111111111111111,29,99847
4,0.1111111111111111,30,72622
4,0.1111111111111111,31,99847
4,0.1111111111111111,32,70406
4,0.1111111111111111,33,99847
4,0.1111111111111111,34,61896
4,0.1111111111111111,35,63347
4,0.1111111111111111,36,65906
4,0.1111111111111111,37,58500
4,0.1111111111111111,38,58249
4,0.1111111111111111,39,75962
4,0.1111111111111111,40,69787
4,0.1111111111111111,41,99847
4,0.1111111111111111,42,70406
4,0.1111111111111111,43,67686
4,0.1111111111111111,44,64695
4,0.1111111111111111,45,75962
4,0.1111111111111111,46,65596
4,0.1111111111111111,47,65596
4,0.1111111111111111,48,63347
4,0.1111111111111111,49,65906
4,0.1111111111111111,50,99847
4,0.1111111111111111,51,72622
4,0.1111111111111111,52,58904
4,0.1111111111111111,53,64695
4,0.1111111111111111,54,65596
4,0.1111111111111111,55,58161
4,0.1111111111111111,56,64695
4,0.1111111111111111,57,99847
4,0.1111111111111111,58,75962
4,0.1111111111111111,59,72622
4,0.1111111111111111,60,70406
4,0.1111111111111111,61,61287
4,0.1111111111111111,62,70406
4,0.1111111111111111,63,65596
4,0.1111111111111111,64,61610
4,0.1111111111111111,65,69787
4,0.1111111111111111,66,70406
4,0.1111111111111111,67,64695
4,0.1111111111111111,68,61610
4,0.1111111111111111,69,65596
4,0.1111111111111111,70,99847
4,0.1111111111111111,71,67686
4,0.1111111111111111,72,67686
4,0.1111111111111111,73,65906
4,0.1111111111111111,74,69787
4,0.1111111111111111,75,57891
4,0.1111111111111111,76,75962
4,0.1111111111111111,77,64695
4,0.1111111111111111,78,70406
4,0.1111111111111111,79,65596
4,0.1111111111111111,80,99847
4,0.1111111111111111,81,60085
4,0.1111111111111111,82,57030
4,0.1111111111111111,83,67686
4,0.1111111111111111,84,60873
4,0.1111111111111111,85,63347
4,0.1111111111111111,86,62003
4,0.1111111111111111,87,69787
4,0.1111111111111111,88,63347
4,0.1111111111111111,89,69787
4,0.1111111111111111,90,60085
4,0.1111111111111111,91,64695
4,0.1111111111111111,92,60085
4,0.1111111111111111,93,75962
4,0.1111111111111111,94,70406
4,0.1111111111111111,95,75962
4,0.1111111111111111,96,70406
4,0.1111111111111111,97,72622
4,0.1111111111111111,98,99847
4,0.1111111111111111,99,70406
4,0.1111111111111111,100,63347
4,0.1,1,65906
4,0.1,2,65906
4,0.1,3,67686
4,0.1,4,69787
4,0.1,5,61473
4,0.1,6,64695
4,0.1,7,75962
4,0.1,8,65906
4,0.1,9,55537
4,0.1,10,75962
4,0.1,11,64695
4,0.1,12,60085
4,0.1,13,65906
4,0.1,14,75962
4,0.1,15,99847
4,0.1,16,65084
4,0.1,17,65084
4,0.1,18,69787
4,0.1,19,64695
4,0.1,20,70406
4,0.1,21,99847
4,0.1,22,75962
4,0.1,23,72622
4,0.1,24,61287
4,0.1,25,61198
4,0.1,26,61473
4,0.1,27,69787
4,0.1,28,70406
4,0.1,29,65596
4,0.1,30,65084
4,0.1,31,64695
4,0.1,32,70406
4,0.1,33,99847
4,0.1,34,70406
4,0.1,35,61198
4,0.1,36,54526
4,0.1,37,65596
4,0.1,38,65596
4,0.1,39,75962
4,0.1,40,65906
4,0.1,41,69787
4,0.1,42,72622
4,0.1,43,69787
4,0.1,44,65906
4,0.1,45,64695
4,0.1,46,69787
4,0.1,47,69787
4,0.1,48,99847
4,0.1,49,65906
4,0.1,50,61473
4,0.1,51,58500
4,0.1,52,99847
4,0.1,53,69787
4,0.1,54,58904
4,0.1,55,61896
4,0.1,56,55628
4,0.1,57,65906
4,0.1,58,75962
4,0.1,59,58249
4,0.1,60,63347
4,0.1,61,65084
4,0.1,62,65596
4,0.1,63,67686
4,0.1,64,57030
4,0.1,65,65906
4,0.1,66,61610
4,0.1,67,75962
4,0.1,68,60873
4,0.1,69,61610
4,0.1,70,64695
4,0.1,71,64695
4,0.1,72,63347
4,0.1,73,58249
4,0.1,74,70406
4,0.1,75,61896
4,0.1,76,75962
4,0.1,77,61610
4,0.1,78,65596
4,0.1,79,60873
4,0.1,80,70406
4,0.1,81,61198
4,0.1,82,57052
4,0.1,83,72622
4,0.1,84,65084
4,0.1,85,58500
4,0.1,86,61287
4,0.1,87,75962
4,0.1,88,70406
4,0.1,89,70406
4,0.1,90,60085
4,0.1,91,70406
4,0.1,92,61610
4,0.1,93,72622
4,0.1,94,64695
4,0.1,95,58249
4,0.1,96,63347
4,0.1,97,75962
4,0.1,98,75962
4,0.1,99,65906
4,0.1,100,64695
